image_name,hue,saturation,value,body_proportion_1,body_proportion_2,body_proportion_3
1.jpg,9.906403941,87.28078818,188.2192118,0.72242695,2.003853,0.5805761
1000.jpg,9.995412844,72.88761468,199.1605505,0.705134,2.01857,0.58646417
1003.jpg,8.856677524,86.42996743,182.3192182,0.7075517,1.8595196,0.58563375
1006.jpg,9.747440273,96.5665529,185.105802,0.7406533,1.6833248,0.5744969
1014.jpg,8.196687371,93.32919255,198.2857143,0.69835263,1.6856987,0.58880585
1019.jpg,8.467391304,129.8007246,142.7789855,0.71993655,1.59993,0.5814168
1022.jpg,10.06738544,90.76280323,170.8086253,0.7500282,1.7618126,0.5714194
1032.jpg,11.66059226,89.33257403,190.7471526,0.72689265,1.4552296,0.5790748
1035.jpg,9.224376731,84.21606648,185.7368421,0.708515,1.9999155,0.5853036
1042.jpg,9.724233983,89.8913649,186.8022284,0.6549099,1.8917178,0.60426253
1047.jpg,10.10344828,92.97126437,172.8390805,0.68764675,1.5711254,0.5925411
1050.jpg,9.882681564,91.88826816,168.5307263,0.7192496,1.6777351,0.58164907
1065.jpg,8.491408935,91.18900344,180.9003436,0.7256774,1.4975938,0.57948256
1079.jpg,9.950131234,92.90813648,180.8425197,0.6838824,1.7841277,0.5938657
1082.jpg,10.76438356,97.25753425,184.8219178,0.68549126,1.7360278,0.59329885
1085.jpg,9.622222222,97.04691358,176.6024691,0.73038876,1.822123,0.5779048
1086.jpg,7.061994609,96.02156334,170.6280323,0.79537153,1.4222881,0.5569878
1095.jpg,10.50670241,82.13404826,199.6085791,0.7075248,1.7263389,0.585643
1098.jpg,9.389027431,73.60598504,209.2942643,0.72374326,1.7669076,0.58013284
1104.jpg,9.191343964,80.20728929,190.8610478,0.6988596,1.8794214,0.5886302
1107.jpg,9.576576577,96.29129129,177.8048048,0.67856216,1.9480367,0.595748
1110.jpg,9.364764268,91.17121588,187.7866005,0.747196,1.9083172,0.5723456
1112.jpg,10.07435897,96.86666667,179.3128205,0.7038453,1.7759076,0.58690774
1114.jpg,9.374701671,94.66825776,195.7303103,0.6699853,1.408557,0.59880763
1119.jpg,8.340909091,133.8831169,137.8246753,0.6878768,1.6984533,0.5924603
1122.jpg,9.721485411,88.94960212,185.1830239,0.7368094,1.7144649,0.5757684
1123.jpg,9.729946524,88.95454545,185.0775401,0.7368094,1.7144649,0.5757684
1129.jpg,9.808580858,91.05940594,189.290429,0.752964,1.7242284,0.57046235
1137.jpg,10.32493703,84.58438287,198.9546599,0.714943,1.8368446,0.58310974
1140.jpg,10.4975892,104.80135,179.6991321,1.5119097,1.7970433,0.39810348
1142.jpg,10.83971292,103.6555024,180.2464115,0.6967433,1.9136417,0.58936435
1145.jpg,7.711864407,85.6920904,178.1751412,0.74019796,1.6249787,0.57464725
1148.jpg,7.716723549,89.78156997,173.112628,0.75836843,1.9429959,0.568709
1152.jpg,8.80952381,86.54232804,174.9074074,0.75466573,1.6986648,0.56990916
1154.jpg,7.947194719,90.9669967,171.5148515,0.7346765,1.6452707,0.5764764
1157.jpg,7.594155844,88.99350649,173.4415584,0.7445128,1.6692339,0.573226
1160.jpg,7.80075188,87.95112782,170.8270677,0.74374294,1.8240322,0.573479
1163.jpg,8.128289474,147.5361842,127.1513158,0.6908395,1.8142605,0.5914222
1175.jpg,9.281337047,98.13927577,179.8495822,0.7486618,1.5982744,0.57186586
1182.jpg,9.302052786,123.5073314,137.6715543,0.8627757,1.6900743,0.5368333
1189.jpg,9.036939314,77.26912929,190.6622691,0.69808686,1.8786975,0.588898
1196.jpg,8.055674518,71.79657388,193.3126338,0.70810777,1.5611947,0.58544314
12.jpg,6.348189415,105.6768802,150.6518106,0.67234683,1.6020584,0.5979621
1202.jpg,10.19905213,103.7132701,174.1042654,0.73019636,1.6553295,0.5779691
1212.jpg,11.25982533,110.1790393,187.0786026,0.7514826,1.6629248,0.5709449
1220.jpg,8.771300448,86.89910314,165.7735426,0.74024075,1.7769959,0.5746331
1224.jpg,9.14893617,92.89834515,159.1938534,0.8173842,1.7234697,0.5502414
1229.jpg,9.987714988,89.05159705,183.3538084,0.7230285,1.5865275,0.58037347
1232.jpg,8.858433735,69.37048193,208.2379518,0.84085137,1.6102451,0.54322696
1244.jpg,10.30238727,118.5278515,166.6233422,0.68583244,1.7769608,0.59317875
1253.jpg,9.9125,104.23125,170.809375,0.7624445,1.8068011,0.5673938
1255.jpg,9.64921466,92.66492147,182.8612565,0.72568655,1.8126715,0.5794795
1259.jpg,9.749206349,101.4666667,169.8285714,0.77139765,1.8026215,0.56452596
1260.jpg,9.125698324,123.3854749,140.3519553,0.85693675,1.6862334,0.5385213
1274.jpg,10.36479592,90.80867347,178.7908163,0.7444038,1.8203249,0.57326174
1278.jpg,8.525373134,110.4686567,147.2298507,0.81587,1.6977843,0.55070025
1287.jpg,10.10209424,96.95549738,168.1518325,0.6941505,1.7862177,0.59026635
1291.jpg,8.356902357,129.5858586,138.3569024,0.6901351,1.8617159,0.59166867
1294.jpg,8.583617747,128.0648464,153.4709898,0.7545389,1.7102497,0.5699503
1300.jpg,8.155223881,87.01492537,173.3940299,0.7083649,1.6919258,0.58535504
1301.jpg,8.009913259,92.62577447,166.0322181,2.0330033,1.5478569,0.3297062
1310.jpg,12.75592417,147.4834123,183.4170616,0.7216668,1.7713397,0.5808325
1315.jpg,8.453038674,86.86187845,198.1187845,0.72768676,1.671645,0.57880867
1318.jpg,8.632241814,92.29722922,180.0352645,0.89660645,1.8450799,0.5272575
1324.jpg,9.122762148,71.50383632,193.3606138,0.74747175,1.7076735,0.5722553
1332.jpg,9.619158879,93.73130841,181.6168224,0.708701,1.9915433,0.5852399
1335.jpg,8.361204013,133.4381271,125.6956522,0.6583006,1.7099799,0.603027
1338.jpg,10.58783784,103.6373874,175.9256757,0.6783003,2.0189083,0.59584093
1341.jpg,9.98005698,93.35327635,197.957265,0.7298974,1.8111098,0.578069
1345.jpg,10.62215909,93.15056818,186.25,0.7042892,1.7036624,0.58675486
1360.jpg,10.41836735,78.31122449,198.2984694,0.75604945,1.7976772,0.56946003
1362.jpg,11.50621118,81.39751553,200.4285714,0.63493687,1.6806133,0.61164445
1364.jpg,9.202216066,111.0886427,155.4182825,0.7623015,1.8453571,0.5674398
1370.jpg,10.125,83.39583333,203.5390625,0.73976606,1.7575518,0.57478994
1372.jpg,9.775510204,86.58600583,207.5247813,0.72979295,1.7680521,0.5781039
1383.jpg,8.994428969,76.15320334,191.4846797,0.73109686,1.7838578,0.5776684
1403.jpg,9.852272727,86.32102273,188.5653409,0.7563104,1.7490643,0.5693754
1405.jpg,10.71518987,89.86919831,176.7721519,0.7221572,1.9657437,0.58066714
1409.jpg,10.70927835,90.8185567,175.1690722,0.723389,1.9613117,0.58025205
1412.jpg,9.213032581,89.36591479,175.0902256,0.7860901,1.9444599,0.55988216
1416.jpg,9.334916865,87.66983373,181.1995249,0.79283786,2.0902772,0.55777496
1422.jpg,8.883928571,94.08258929,185.0669643,0.67135435,1.9815586,0.59831715
1425.jpg,8.929752066,93.76239669,184.3471074,0.67528754,1.9997755,0.59691244
1426.jpg,10.17313433,100.3731343,183.3731343,0.7306799,1.7133462,0.57780755
1434.jpg,11.34736842,103.4315789,174.9842105,0.7154722,1.9048531,0.58292985
1440.jpg,9.303135889,121.0836237,117.1463415,0.7119509,1.9894603,0.5841289
1441.jpg,10.06666667,117.1030303,146.6242424,0.7229488,1.6793834,0.58040035
1452.jpg,10.41387025,74.29306488,193.0693512,0.67943394,1.9722866,0.5954387
1462.jpg,6.868715084,72.82122905,186.9385475,0.7569329,1.6236174,0.5691737
1463.jpg,9.9225,92.83,190.815,0.775217,1.7248168,0.5633114
1464.jpg,11.49376559,107.2493766,171.957606,0.71727014,1.8601876,0.5823196
1470.jpg,10.61538462,106.4179487,173.6358974,0.734032,1.5620323,0.5766906
1474.jpg,7.617449664,133.6510067,129.8970917,0.71685785,1.8086474,0.5824594
1478.jpg,8.174927114,125.3644315,117.2682216,0.67781943,1.8454164,0.5960117
1482.jpg,8.756097561,133.554007,137.0592334,0.7003244,1.7389412,0.588123
1488.jpg,9.874331551,105.0534759,168.0802139,0.7161195,1.6686261,0.58270997
1491.jpg,9.473389356,83.83193277,200.6190476,0.7527462,1.771379,0.5705333
1497.jpg,8.50295858,82.56804734,184.4940828,0.6360151,1.6613536,0.6112413
1504.jpg,11.37700535,104.7941176,170.3475936,0.6875692,1.8218507,0.59256834
1512.jpg,11.24739583,106.9505208,169.5260417,0.6625517,1.7372053,0.6014851
1516.jpg,8.990384615,91.08173077,167.8004808,0.7789843,1.8101145,0.5621185
1517.jpg,8.997607656,91.13157895,167.6889952,0.7789843,1.8101145,0.5621185
1521.jpg,8.902748414,91.74630021,170.2156448,0.861898,1.6878669,0.53708637
1534.jpg,8.829166667,97.67708333,161.58125,0.7527869,1.7276715,0.57052004
1537.jpg,9.026455026,93.33597884,168.8306878,0.7667959,1.4034948,0.56599635
1541.jpg,8.742788462,90.54326923,168.9807692,0.7821587,1.7267164,0.5611173
1545.jpg,9.496083551,93.46997389,202.0261097,0.7381643,1.4817926,0.5753196
1546.jpg,9.543307087,92.88976378,202.7952756,0.7381643,1.4817926,0.5753196
1549.jpg,8.6,137.8597015,118.880597,0.71898764,1.8792679,0.5817377
1552.jpg,9.939637827,97.33199195,173.637827,0.7846398,1.8482476,0.5603372
1553.jpg,9.91283293,70.6440678,195.7530266,0.5523591,1.7524017,0.64418083
1564.jpg,9.82160804,88.78894472,193.361809,0.6782061,1.655138,0.5958744
1565.jpg,8.869135802,98.03703704,170.2320988,0.81428736,1.6710299,0.5511806
1568.jpg,10.72033898,60.70621469,203.3305085,0.7203841,1.8113106,0.58126557
1580.jpg,10.54441261,77.76790831,195.8080229,0.69199216,1.6770959,0.5910193
1586.jpg,10.58849558,80.90929204,195.6681416,0.78850186,1.7565055,0.55912715
1590.jpg,9.728,83.016,194.2826667,0.7319971,1.8037922,0.5773682
1595.jpg,8.136708861,92.89367089,202.6202532,0.85862404,1.8739128,0.5380324
1602.jpg,10.95928753,76.80916031,181.653944,0.67030215,1.7003895,0.5986941
1603.jpg,9.520348837,98.56686047,179.9825581,0.70198333,1.6088674,0.5875498
1617.jpg,8.609042553,83.92287234,193.5239362,0.8091178,1.8614098,0.55275565
1623.jpg,7.715231788,88.03642384,175.8377483,0.690062,1.8974519,0.5916943
1625.jpg,9.487437186,74.63819095,188.8492462,0.61020917,1.7954088,0.6210373
1630.jpg,9.24824356,88.47306792,181.0257611,0.70253474,1.8836744,0.58735955
1637.jpg,10.88983051,159.5028249,153.3361582,0.7029052,1.5767351,0.58723176
1647.jpg,8.344322344,90.67399267,174.1721612,0.7299199,1.797123,0.5780614
1651.jpg,10.2519685,75.25459318,198.3963255,0.73498744,1.8146161,0.57637304
1654.jpg,7.722021661,95.01444043,168.898917,0.6908967,1.7737209,0.5914022
1655.jpg,9.326470588,100.5794118,169.2205882,0.6873631,1.8787628,0.5926407
1658.jpg,8.238329238,77.47174447,194.6805897,0.75600016,1.6768533,0.56947607
1663.jpg,8.482897384,79.58350101,194.5191147,0.7352158,1.7028054,0.5762972
1665.jpg,10.11971831,88.71830986,195.0211268,0.69052577,1.695717,0.59153193
1672.jpg,7.667481663,84.88508557,190.0611247,0.74929225,1.7453356,0.5716598
1675.jpg,8.476780186,134.8947368,131.6563467,0.76832074,1.7155855,0.56550825
1682.jpg,9.687234043,93.61489362,195.587234,0.66890067,1.352223,0.59919685
1689.jpg,9.877990431,92.77751196,190.34689,0.68678504,1.6492511,0.5928438
1693.jpg,9.352750809,123.368932,134.6213592,0.685016,1.7380521,0.59346616
17.jpg,6.378461538,66.48,185.0092308,0.6527914,1.6317056,0.60503703
1704.jpg,10.24698795,94.51405622,181.5220884,0.7185917,1.6103905,0.5818718
1705.jpg,8.721212121,77.55757576,188.8060606,0.7824974,1.868017,0.5610106
1711.jpg,9.051020408,87.7627551,175.1760204,0.71443635,1.7810735,0.58328205
1719.jpg,9.368303571,81.80357143,202.8482143,0.7114119,1.7184162,0.5843129
1722.jpg,8.277647059,82.87529412,183.0447059,0.73246235,1.5618956,0.5772131
1725.jpg,9.850340136,95.72789116,180.1836735,0.7600582,1.9130621,0.56816304
1735.jpg,8.832258065,137.1903226,141.0677419,0.7934675,1.671999,0.5575791
1740.jpg,9.366906475,86.33333333,186.6498801,0.87777,1.7228111,0.5325466
1743.jpg,10.44258373,83.29904306,193.8588517,0.72866666,1.6957464,0.57848054
1747.jpg,7.105714286,65.36857143,198.5657143,0.8018242,1.6991686,0.5549931
1755.jpg,10.80381471,102.2288828,199.1634877,0.66020423,1.7428157,0.6023356
1762.jpg,8.784090909,82.64204545,181.5880682,0.68021464,1.7061154,0.59516203
1763.jpg,9.793367347,77.74744898,193.4923469,0.8426564,2.0220113,0.5426948
1771.jpg,9.997752809,89.69213483,193.5820225,0.81791234,1.6681209,0.55008155
1773.jpg,8.761658031,124.3601036,135.6761658,0.73211193,1.9037113,0.5773299
1776.jpg,8.943661972,110.5739437,167.1338028,0.59496933,2.0680645,0.6269713
1780.jpg,9.048076923,134.8397436,130.6346154,0.6814627,1.7303987,0.5947203
1798.jpg,9.603211009,90.87614679,202.5344037,0.7160226,1.5367817,0.5827429
1800.jpg,8.862433862,96.64550265,172.2169312,0.72495973,1.705766,0.57972366
1804.jpg,8.997722096,98.73120729,161.8747153,0.70377135,1.9450529,0.58693326
1807.jpg,8.949579832,92.85434174,173.6722689,0.8157381,1.7487421,0.55074024
1812.jpg,9.058558559,97.51351351,163.009009,0.82083386,1.7470628,0.5491989
1816.jpg,8.940758294,92.09241706,173.7274882,0.7285196,1.705237,0.5785297
1820.jpg,9.06833713,98.98405467,158.2460137,0.758091,1.675667,0.5687988
1824.jpg,8.864640884,77.0441989,198.4198895,0.6909788,1.8275946,0.59137344
1827.jpg,8.95,106.2366667,171.78,0.677882,1.6737231,0.59598947
1830.jpg,9.393861893,80.74680307,189.8337596,0.6979437,1.7803096,0.58894765
1836.jpg,9.564792176,104.5501222,186.1711491,0.7393968,1.7815976,0.57491195
1843.jpg,8.484693878,101.6505102,180.3290816,0.7239939,1.6773502,0.58004844
1849.jpg,10.24519231,85.24278846,204.1850962,0.6205988,2.680697,0.6170559
1868.jpg,8.123867069,106.18429,149.5981873,0.6967631,1.6930927,0.58935744
1870.jpg,8.273209549,89.64190981,159.8700265,0.702198,1.8034785,0.5874757
1874.jpg,9.713615023,76.11971831,194.4131455,0.72520155,1.9072992,0.5796424
1877.jpg,9.402332362,124.6005831,135.4081633,0.7048269,1.977086,0.58656985
1882.jpg,10.20212766,79.30053191,207.9521277,0.71628386,1.7335196,0.5826542
1887.jpg,8.737837838,114.0540541,159.2081081,0.684877,1.8050736,0.59351516
1890.jpg,10.06870229,91.45038168,184.1348601,0.7290515,1.8987095,0.5783518
1899.jpg,10.64779874,92.08805031,171.5303983,0.7230208,1.9711531,0.580376
1903.jpg,10.02314815,94.31481481,169.6643519,0.6788396,1.9107145,0.5956495
1905.jpg,9.252252252,87.72972973,179.6779279,0.7936597,2.0796213,0.5575194
1906.jpg,8.931958763,93.95051546,184.4268041,0.67534506,2.0007734,0.59689194
1911.jpg,9.732899023,104.0651466,170.6579805,0.7252691,1.799839,0.5796197
1917.jpg,9.440233236,105.4169096,163.0437318,0.76867527,1.8222857,0.56539494
1925.jpg,8.885386819,114.5787966,152.8481375,0.62415326,1.5986104,0.61570543
1927.jpg,8.604819277,124.5759036,145.4313253,0.8552968,1.8298208,0.5389973
1935.jpg,9.649484536,85.80206186,196.8,0.6877804,1.6118835,0.5924942
1938.jpg,9.359195402,91.24425287,182.0258621,0.70273656,1.8700433,0.5872899
1941.jpg,9.497584541,94.96135266,179.3067633,0.6990736,1.7596067,0.588556
1944.jpg,10.2962963,86.68312757,175.6954733,0.6499676,1.8655335,0.6060725
1951.jpg,8.497340426,75.47606383,197.2526596,0.7182738,1.5924492,0.58197945
1952.jpg,8.173441734,91.58265583,213.2140921,0.7587937,1.1627753,0.5685715
1956.jpg,8.851515152,90.00606061,175.4878788,0.73829114,1.8453525,0.5752776
1959.jpg,8.937254902,89.95686275,182.1098039,0.76291704,1.8292046,0.56724167
1962.jpg,8.867052023,133.283237,127.6011561,0.6355401,1.272079,0.6114188
1966.jpg,10.18352941,86.04941176,193.6847059,0.71548116,1.6533346,0.5829268
1970.jpg,8.634560907,77.94617564,187.4730878,0.69592255,1.8356154,0.58964956
1971.jpg,10.13913043,67.45797101,203.6173913,0.72083247,1.8403968,0.58111405
1978.jpg,9.373177843,125.5860058,140.0379009,0.69255567,1.7392639,0.5908225
1983.jpg,9.231182796,117.6317204,152.2741935,0.8052713,1.8454616,0.5539333
1999.jpg,9.191428571,120.84,148.9142857,0.76242846,1.7393899,0.5673989
2002.jpg,6.804560261,66.80456026,192.8469055,0.78639513,1.6186234,0.5597866
2006.jpg,9.37150838,106.7541899,157.0698324,0.66118217,1.7490625,0.6019809
2008.jpg,9.451219512,108.8445122,155.5213415,0.6573347,1.7312202,0.6033785
2016.jpg,9.19047619,104.1666667,178.9107143,0.684679,1.6371554,0.59358495
2020.jpg,9.052272727,99.65909091,158.85,0.7051417,1.9398564,0.5864615
2024.jpg,8.878571429,75.23333333,191.3738095,0.75162584,1.7072784,0.5708982
2027.jpg,9.228658537,94.04878049,175.7408537,0.7344499,1.8563404,0.5765517
2034.jpg,10.04044944,88.02696629,196.5775281,0.62663424,1.7246294,0.61476636
2036.jpg,8.797368421,133.0552632,139.6526316,0.74359447,1.6886641,0.5735279
2037.jpg,8.923913043,137.4369565,122.9586957,0.70555115,1.8488973,0.58632076
2044.jpg,10.83373494,84.82650602,196.426506,0.82518315,1.8835869,0.5478902
2047.jpg,10.9205298,76.9205298,188.8785872,0.72305876,1.6380218,0.5803633
2057.jpg,9.005037783,93.97732997,190.2065491,0.6470821,1.6780388,0.6071342
2070.jpg,9.588652482,87.49408983,194.8628842,0.6693453,1.7649001,0.5990373
2073.jpg,9.176190476,86.53571429,196.5261905,0.6547523,1.8568869,0.60432005
2074.jpg,9.484931507,83.91506849,200.0328767,0.7021335,1.9251403,0.58749795
2076.jpg,9.599483204,92.73385013,189,0.688676,1.6413673,0.5921799
2077.jpg,9.952380952,91.85,186.1190476,0.73356396,1.663681,0.57684636
2084.jpg,9.190594059,93.63613861,184,0.64290845,1.706988,0.6086766
2088.jpg,9.002040816,91.16530612,189.4183673,0.90198034,1.8484341,0.52576774
2092.jpg,9.435114504,91.84160305,180.3473282,0.5906748,1.8187463,0.628664
2096.jpg,9.399497487,87.88190955,200.8165829,0.6740539,1.7705891,0.5973523
2100.jpg,9.488664987,102.1838791,176.6221662,0.7776399,1.7989504,0.5625436
2103.jpg,9.085450346,88.71362587,187.3371824,0.6540661,3.3497071,0.60457075
2105.jpg,9.529268293,89.48780488,188.7317073,0.6462839,1.794073,0.6074286
2112.jpg,10.57040573,75.22673031,187.5298329,0.79402936,1.9477419,0.5574045
2115.jpg,9.956268222,94.5393586,177.6588921,0.71586937,1.7575336,0.58279496
2119.jpg,12.81818182,143.2272727,181.8545455,0.6812033,1.606306,0.59481204
2122.jpg,12.99380805,141.6996904,187.2941176,0.608734,1.9354709,0.62160677
2127.jpg,13.68608414,138.5501618,184.1326861,0.6636179,1.6643028,0.60109955
2138.jpg,9.893518519,76.05092593,191.787037,0.7351365,2.0629268,0.5763235
2141.jpg,10.98955614,96.96344648,181.1723238,0.7977385,1.922788,0.55625445
2144.jpg,10.86807388,98.68073879,175.4934037,0.7816928,1.7396866,0.561264
2150.jpg,9.778869779,75.60687961,195.2186732,0.7150011,1.8465793,0.58309
2153.jpg,9.098630137,120.0219178,125.509589,0.63676405,1.7752353,0.6109616
2160.jpg,6.785932722,80.18348624,164.7522936,0.7938696,1.7790304,0.5574541
2168.jpg,8.862337662,81.61038961,189.1324675,0.7106442,1.8196195,0.5845751
2171.jpg,7.777777778,69.78114478,191.6329966,0.77644914,1.7799752,0.56292075
2176.jpg,10.02455357,92.609375,188.4285714,0.7298016,1.6036723,0.578101
2179.jpg,9.630102041,65.12244898,188.747449,0.7126522,1.8022017,0.58388966
2184.jpg,9.492063492,127.8920635,132.6222222,0.65300924,1.6498682,0.6049573
2187.jpg,8.725433526,127.8323699,126.4913295,0.713643,1.5991017,0.5835521
2201.jpg,8.771771772,125.9369369,146.6156156,0.8475188,1.6288748,0.54126644
2203.jpg,8.56779661,119.3248588,147.8841808,0.7693272,1.7209388,0.56518656
2204.jpg,8.781767956,119.1243094,135.1933702,0.7826512,1.6722019,0.56096226
2211.jpg,8.325333333,113.384,159.0666667,0.7012609,1.6088649,0.5877993
2215.jpg,5.609042553,81.86170213,151.0026596,0.7477023,1.563358,0.5721798
2218.jpg,9.194148936,76.07180851,190.4787234,0.6964877,1.7902117,0.5894531
2220.jpg,10.21021021,115.7777778,175.8048048,0.7094216,1.796174,0.5849932
2222.jpg,8.978723404,77.82370821,188.7598784,0.70935637,1.8752296,0.58501554
2228.jpg,9.223163842,83.08757062,181.4519774,0.66432875,1.9557152,0.60084283
2232.jpg,8.807807808,108.3693694,149.4774775,0.687379,1.6649169,0.59263504
2235.jpg,8.694610778,103.8592814,154.1407186,0.7183521,1.8184793,0.5819529
2239.jpg,8.763754045,106.4433657,152.8996764,0.6862901,1.8871661,0.59301776
2244.jpg,8.792717087,109.8067227,149.5098039,0.6754285,1.7790903,0.5968622
2248.jpg,8.660550459,108.7492355,145.8012232,0.6699771,1.8132563,0.59881055
2251.jpg,8.659090909,114.2045455,141.1525974,0.7128926,1.7140307,0.58380777
2253.jpg,10.49303621,94.45125348,190.2311978,0.7105633,1.7320778,0.5846027
2255.jpg,8.704049844,113.4454829,139.0124611,0.7210106,1.7803056,0.581054
2264.jpg,9.32,114.8771429,156.8885714,0.78845423,1.6944451,0.5591421
2270.jpg,8.61341853,85.85942492,180.4664537,0.7066778,1.8623174,0.5859337
2274.jpg,9.55982906,98.29273504,162.8611111,0.7352915,1.804578,0.5762721
2278.jpg,10.71578947,98.01578947,167.1052632,0.69023424,1.6715298,0.591634
2281.jpg,10.25714286,90.46753247,182.8051948,0.68787044,1.7064157,0.59246254
2282.jpg,9.062686567,109.9731343,146.5253731,0.7062449,1.6156377,0.58608234
2283.jpg,9.42377261,75.48578811,189.5116279,0.7060915,1.7698429,0.586135
2284.jpg,9.626911315,86.09785933,188.6513761,0.7220378,1.6296294,0.5807074
2291.jpg,9.105095541,115.0573248,149.8949045,0.829279,1.773706,0.54666346
2294.jpg,10.2681388,109.6876972,169.0757098,0.7565407,1.6686351,0.5693008
2303.jpg,10.66071429,62.80102041,216.0127551,0.8572471,1.593885,0.53843135
2304.jpg,10.68556701,62.67525773,216.0695876,0.8572471,1.593885,0.53843135
2314.jpg,9.021341463,122.4847561,147.4329268,0.74845064,1.7201461,0.57193494
2317.jpg,9.696,92.91466667,170.7413333,0.7976552,1.6425065,0.55628014
2321.jpg,10.12371134,97.30927835,162.4536082,0.79354,1.6354835,0.55755657
2329.jpg,9.070208729,91.24035421,191.9184061,1.924658,1.468814,0.34192032
2336.jpg,10.0742268,107.2969072,166.1690722,0.6886876,1.7847213,0.59217584
2343.jpg,8.899736148,76.91292876,190.6701847,0.7556397,1.8179531,0.56959295
2347.jpg,9.27020202,70.7979798,196.3055556,0.6507029,1.667405,0.60580254
2350.jpg,9.326027397,72.72876712,194.6684932,0.68279225,1.7723215,0.5942504
2353.jpg,8.8359375,77.36979167,187.7447917,0.69288874,1.8104815,0.5907063
2361.jpg,9.904282116,90.73551637,185.7506297,0.6923392,1.7195063,0.5908981
2365.jpg,10.11924119,86.14092141,192.9864499,0.6940933,1.5900104,0.59028625
2375.jpg,9.903581267,80.1184573,200.7933884,0.73857194,1.8102294,0.57518476
2378.jpg,10.36299766,81.64637002,195.9555035,0.7193276,1.7327151,0.5816227
2384.jpg,10.25188917,86.36020151,198.6952141,0.72514176,1.7588246,0.5796625
2385.jpg,9.297368421,76.93947368,189.7210526,0.75569123,1.7982954,0.56957626
2405.jpg,10.15254237,88.23486683,196.8159806,0.7136219,1.7062553,0.5835593
2411.jpg,9.610079576,76.46949602,204.4190981,0.7078635,1.7799076,0.5855269
2412.jpg,9.612732095,76.4668435,204.3660477,0.7078635,1.7799076,0.5855269
2415.jpg,8.291390728,108.1854305,163.3543046,0.76396424,1.7606331,0.56690496
2421.jpg,9.79587156,103.7385321,163.25,0.7365159,1.859291,0.57586575
2426.jpg,8.771513353,91.58160237,183.0563798,0.69554454,1.7078803,0.58978105
2431.jpg,9.044811321,114.754717,144.4127358,0.6962893,1.6747259,0.5895221
2436.jpg,9.056379822,125.3916914,129.5964392,0.69809484,1.6462636,0.58889526
2444.jpg,9.911357341,96.86703601,178.132964,0.7151151,1.8096197,0.58305126
2448.jpg,10.67613636,112.6306818,169.7215909,0.67614603,1.8758446,0.59660673
2449.jpg,6.086206897,82.0545977,148.1149425,0.77012634,1.516281,0.5649314
2453.jpg,9.779220779,86.95064935,184.0155844,0.7141319,1.5166676,0.5833857
2470.jpg,8.617910448,136.1283582,138.9850746,0.713094,1.7165126,0.5837391
2477.jpg,10.93188011,98.60490463,178.4359673,0.74104416,1.912977,0.574368
2479.jpg,9.630177515,155.9585799,105.3757396,0.7958346,1.5168332,0.5568442
2489.jpg,9.654986523,72.98382749,192.5363881,0.6732346,1.8324775,0.5976448
2491.jpg,9.730555556,91.83055556,189.5722222,0.6579105,1.8020799,0.60316885
2502.jpg,10.09067358,85.80051813,197.7512953,0.6815574,1.6921015,0.5946868
2511.jpg,10.49132948,94.67919075,169.8728324,0.6632226,1.6369499,0.6012424
2512.jpg,8.704188482,96.68324607,186.2277487,0.689597,1.7589505,0.59185714
2516.jpg,8.81865285,90.37564767,197.6839378,0.6752402,1.7179819,0.5969293
2522.jpg,9.280353201,90.37086093,191.9889625,0.6734991,1.6819407,0.59755033
2525.jpg,8.821138211,127.4688347,148.7127371,0.7071849,1.3252069,0.58575964
2530.jpg,8.709677419,130.2724014,112.7383513,0.7341854,1.6353211,0.57663965
2538.jpg,8.105960265,88.50331126,173.0728477,0.7254681,1.8406101,0.5795529
2541.jpg,9.779220779,84.87272727,200.161039,0.67722046,1.6270689,0.5962245
2542.jpg,9.777777778,85.18863049,199.7286822,0.67722046,1.6270689,0.5962245
2547.jpg,10.36158192,96.77118644,186.5960452,0.6611198,1.7804034,0.6020036
2550.jpg,10.47395833,82.71614583,187.7630208,0.6941179,1.7430749,0.5902777
2553.jpg,10.5812357,84.33638444,198.3432494,0.7379811,1.6348103,0.57538027
2555.jpg,8.824615385,114.32,140.3784615,0.7180989,1.6734654,0.58203864
2560.jpg,8.152647975,116.8317757,126.1619938,0.6924613,1.6515244,0.5908555
2564.jpg,9.557544757,100.5959079,163.0409207,0.7044555,1.6732391,0.58669764
2570.jpg,9.062295082,129.4065574,140.8262295,0.8102553,1.592242,0.5524083
2574.jpg,13.304038,103.3087886,203.4489311,0.7143558,1.5474997,0.5833095
2576.jpg,10.15426997,88.06336088,208.6363636,0.79588985,1.5525362,0.55682707
2580.jpg,8.740359897,120.5758355,140.0385604,0.76477313,1.5705509,0.566645
2591.jpg,8.848137536,77.12320917,191.3810888,0.72075456,1.6797096,0.5811404
2593.jpg,8.755395683,97.7529976,168.2997602,0.7451987,1.272492,0.5730006
2596.jpg,9.159021407,98.8470948,173.3455657,0.70905244,1.8829547,0.5851196
2602.jpg,8.745406824,107.5511811,174.8792651,0.7056528,1.7395861,0.58628577
2608.jpg,11.14014252,108.7648456,169.5178147,0.76837367,1.6847714,0.5654914
2614.jpg,9.588807786,96.32360097,175.1581509,0.7141847,1.9279758,0.58336776
2619.jpg,10.57792208,66.36147186,210.6277056,0.80351704,1.6471815,0.55447215
2622.jpg,8.805896806,94.24570025,187.1695332,0.7121296,1.6875324,0.58406794
2626.jpg,8.663244353,94.51334702,169.1827515,0.72621274,1.8702631,0.57930285
2629.jpg,10.27033493,83.32535885,194.5478469,0.7237387,1.6828532,0.58013433
2635.jpg,8.780645161,76.29032258,189.8344086,0.7358798,1.7714541,0.57607675
2638.jpg,9.090507726,71.60264901,192.1258278,0.6925591,1.718255,0.5908213
2650.jpg,10.18282548,75.26315789,197.9556787,0.7511994,1.7054262,0.57103723
2651.jpg,10.01880878,102.6489028,180.7899687,0.6179092,1.7475296,0.6180816
2654.jpg,9.638954869,96.56057007,177.1543943,0.7295782,1.9456829,0.5781756
2657.jpg,10.59731544,105.4988814,175.1208054,0.6873129,1.5859088,0.5926583
2661.jpg,6.546174142,101.2691293,119.6279683,0.7003869,1.9595169,0.58810145
2669.jpg,10.46391753,108.1159794,162.3659794,0.6816449,1.8099966,0.5946559
2676.jpg,10.58246347,91.68475992,188.5866388,0.6814774,1.9112948,0.5947151
2681.jpg,10.47826087,87.19565217,184.458498,0.7035562,1.7068814,0.5870074
2685.jpg,9.066115702,100.4132231,175.3746556,0.7461532,1.9182186,0.57268745
2689.jpg,7.461805556,93.00694444,167.8333333,0.6794274,1.9050561,0.59544104
2690.jpg,8.794871795,91.04871795,181.3435897,0.7415692,1.8237435,0.5741948
2697.jpg,9.139465875,115.8071217,142.4896142,0.68389434,1.692444,0.5938615
2699.jpg,8.912162162,75.15990991,198.8265766,0.72690934,1.7932525,0.5790692
2704.jpg,7.840782123,88.1452514,174.9134078,0.65773076,1.6865919,0.6032343
2714.jpg,10.59663866,72.88235294,179.372549,0.7057855,1.8105305,0.5862402
2720.jpg,9.89119171,82.73056995,197.3393782,0.6930771,1.6177874,0.5906406
2723.jpg,9.649350649,85.19220779,196.4337662,0.70425224,1.6429192,0.58676755
2724.jpg,9.133838384,83.92171717,187.5378788,0.7743645,1.8370227,0.56358206
2727.jpg,9.781553398,85.84466019,182.0291262,0.7317179,1.783224,0.5774613
2731.jpg,8.766025641,111.1634615,153.9647436,0.6676199,1.7225182,0.59965706
2734.jpg,8.734870317,113.9654179,156.8357349,0.6846661,1.7472342,0.5935894
2738.jpg,8.199430199,110.1823362,145.2165242,0.68180865,1.8064383,0.594598
2741.jpg,9.488888889,93.81111111,202.3888889,0.7159235,1.2544005,0.58277655
2744.jpg,8.782352941,75.33235294,194.9441176,0.6931952,1.8384663,0.59059936
2747.jpg,9.089285714,79.13265306,184.7117347,0.71684384,1.710493,0.58246416
2755.jpg,10.25069638,95.74930362,170.7381616,0.6808525,1.5802935,0.5949362
2757.jpg,10.34299517,87.09178744,196.9009662,0.6423408,2.2229443,0.6088871
2759.jpg,8.844776119,109.641791,153.2955224,0.7232435,1.7283528,0.58030105
2764.jpg,9.557142857,78.60571429,195.5657143,0.7261449,1.9554719,0.5793256
2771.jpg,11.56888889,83.91777778,196.6111111,0.73494273,1.8451545,0.57638794
2779.jpg,11.07913669,107.2709832,168.853717,0.692279,1.782192,0.5909191
2791.jpg,10.29691211,88.72684086,194.7315914,0.7075622,1.5629075,0.5856302
2798.jpg,11.10688836,102.1306413,182.4940618,0.68292946,1.8181521,0.5942019
2806.jpg,8.819672131,128.5868852,140.7147541,0.6352258,1.7390207,0.6115363
2813.jpg,9.115646259,138.707483,138.3900227,0.68292314,1.6572804,0.59420425
2826.jpg,9.750617284,86.4,207.9308642,0.70369565,1.582248,0.5869593
2827.jpg,9.881773399,87.79310345,187.6576355,0.76677525,1.7965511,0.56600296
2828.jpg,8.964467005,129.8121827,142.748731,0.79563016,1.6677086,0.5569076
2829.jpg,9.178787879,111.4060606,164.1484848,0.72523123,1.7027285,0.57963246
2830.jpg,8.644562334,75.30769231,177.4403183,0.64876264,1.5664468,0.60651547
2831.jpg,9.79787234,96.65691489,196.8005319,0.6599502,1.6358535,0.6024277
2832.jpg,9.13648294,96.92125984,185.6299213,0.66454566,1.5414957,0.6007646
2833.jpg,10.12464589,101.388102,186.8498584,0.62821007,1.6558468,0.6141713
2834.jpg,10.12722646,92.53435115,193.4096692,0.6757496,1.7446795,0.5967479
2835.jpg,10.07567568,98.61891892,184.8027027,0.61837125,1.8274051,0.6179052
2836.jpg,11.1849711,96.0327553,155.238921,0.67370445,1.4895966,0.5974771
2837.jpg,11.20116054,95.71566731,155.4584139,0.67370445,1.4895966,0.5974771
2838.jpg,9.332480818,87.92327366,190.3273657,0.70136184,1.8662546,0.58776444
2839.jpg,8.561712846,80.0906801,186.6146096,0.7169257,1.8253597,0.5824364
2840.jpg,9.453367876,98.65544041,182.3290155,0.6869741,1.8052759,0.5927773
2841.jpg,9.375,95.19836957,169.861413,0.7867426,1.7362485,0.5596777
2842.jpg,6.780185759,96.43653251,137.3962848,0.68851364,1.6545688,0.5922368
2843.jpg,11.07648184,104.8661568,172.0478011,0.6324077,1.7130889,0.6125921
2844.jpg,11.53018868,102.5886792,180.8358491,0.72675407,1.4311308,0.5791213
2845.jpg,11.18362832,90.08849558,187.090708,0.68602943,1.5811872,0.5931094
2846.jpg,11.30697674,93.43023256,187.1186047,0.65150017,1.4456893,0.60551006
2847.jpg,9.880733945,94.8646789,187.3761468,0.6711353,1.7667816,0.5983956
2848.jpg,9.318471338,131.2579618,125.1783439,0.76021665,1.6708324,0.5681119
2849.jpg,9.498630137,93.64657534,184.7945205,0.6830762,1.7542715,0.5941502
2850.jpg,9.5,93.68032787,184.6612022,0.6830762,1.7542715,0.5941502
2851.jpg,9.54155496,76.17158177,198.1313673,0.7260385,1.7036866,0.5793613
2852.jpg,10.39130435,74.13285024,196.2657005,0.7226325,1.8449798,0.5805068
2853.jpg,8.658730159,137.4404762,133.3730159,0.6596746,1.8267609,0.60252774
2854.jpg,8.478134111,81.48979592,200.8717201,0.7028453,1.5809543,0.58725244
2855.jpg,9.397790055,92.2320442,169.8701657,0.7442931,1.7476866,0.57329816
2856.jpg,10.12173913,95.43043478,180.3173913,0.7207246,1.6339539,0.58115053
2857.jpg,8.903846154,82.6043956,177.75,0.7278704,1.8023661,0.57874715
2858.jpg,8.992063492,91.52645503,184.989418,0.7311582,2.0580435,0.5776479
2859.jpg,8.762452107,91.00766284,177.1417625,0.7235217,1.8868586,0.58020735
2860.jpg,7.688421053,83.56842105,179.3431579,0.75032926,1.6553288,0.57132107
2862.jpg,9.556164384,89.49589041,177.1287671,0.7445144,1.6805968,0.5732254
2863.jpg,9.512738854,78.49044586,189.3312102,0.72839254,1.503807,0.5785723
2864.jpg,9.73857868,66.64467005,211.8908629,0.6835727,1.8431685,0.5939749
2865.jpg,10.91363636,92.32272727,181.2431818,0.71221966,1.5711714,0.5840372
2866.jpg,10.02051282,102.6153846,183.8358974,0.64486706,1.8475748,0.6079519
2867.jpg,9.820936639,114.7768595,172.6804408,0.5979226,1.8234572,0.62581253
2868.jpg,6.336182336,63.57549858,186.5868946,0.8124391,1.6324791,0.55174273
2869.jpg,9.560526316,96.66315789,180.2236842,0.7453463,1.71519,0.5729522
2870.jpg,9.724137931,84.08753316,196.1564987,0.6302022,1.7408911,0.6134209
2871.jpg,9.610126582,88.70886076,191.0126582,0.6752777,1.599966,0.59691596
2872.jpg,10.59259259,112.6243386,175.478836,0.6996234,1.8418019,0.5883656
2873.jpg,9.340501792,98.55197133,177.5878136,0.71190065,1.6970378,0.5841461
2875.jpg,8.167582418,101.5851648,149.1895604,0.8225941,1.7334139,0.5486685
2876.jpg,9.740740741,95.16790123,186.9259259,0.61546314,5.2926364,0.61901754
2877.jpg,8.705570292,82.37135279,186.0132626,0.77290493,1.7467313,0.564046
2878.jpg,8.039906103,104.6361502,150.6244131,0.716748,1.8432492,0.58249664
2879.jpg,9.576388889,108.2118056,172.1875,0.6781102,1.7231009,0.5959084
2880.jpg,9.576923077,92.0625,192.6442308,0.7557279,1.7367748,0.56956434
2881.jpg,9.070048309,118.5289855,144.2439614,0.73851067,1.7506722,0.575205
2882.jpg,9.665809769,88.22107969,197.2236504,0.69655377,1.6880057,0.5894302
2883.jpg,10.10930233,86.98139535,197.2395349,0.77066845,1.567474,0.5647585
2884.jpg,9.022012579,101.0754717,168.8427673,0.68478817,1.5760964,0.59354645
2885.jpg,8.533653846,107.0552885,166.9278846,0.6649915,1.8212171,0.60060364
2886.jpg,9.89,84.935,200.96,0.7453787,1.7817509,0.5729416
2887.jpg,10.24683544,120.3860759,171.1075949,0.6416189,1.7703915,0.60915476
2888.jpg,7.19047619,107.6466165,124.7368421,0.72483224,1.9273783,0.5797665
2889.jpg,9.709923664,86.15521628,188.0178117,0.74814725,1.619782,0.5720342
2890.jpg,9.249357326,89.40102828,165.3830334,0.6949348,1.8855846,0.58999324
2891.jpg,10.16618911,77.44412607,190.8338109,0.7558016,1.7844213,0.56954044
2892.jpg,9.072222222,94.23333333,171.4194444,0.7214442,1.5645195,0.5809076
2893.jpg,9.495912807,93.69209809,153.4686649,0.6331359,1.895638,0.61231893
2894.jpg,9.160714286,89.25765306,176.0408163,0.7787517,1.6293701,0.562192
2895.jpg,9.182741117,89.47208122,176.0685279,0.7787517,1.6293701,0.562192
2896.jpg,9.412037037,86.80092593,180.3564815,0.7689005,1.7246312,0.56532294
2897.jpg,9.385321101,86.76605505,180.4495413,0.7689005,1.7246312,0.56532294
2898.jpg,9.278215223,92.50918635,198.7506562,0.7740386,1.7009109,0.5636856
2899.jpg,9.837004405,88.38105727,204.2356828,0.82265145,1.5858757,0.5486513
2900.jpg,9.495348837,94.47209302,198.1883721,0.7051932,1.8408972,0.58644384
2901.jpg,9.666666667,86.76870748,204.9070295,0.80702966,1.4390687,0.5533944
2902.jpg,9.465686275,94.20588235,198.8112745,0.7071777,1.7219559,0.5857621
2903.jpg,11.17505995,92.63549161,189.3884892,0.6860644,1.7063783,0.59309715
2904.jpg,11.11311054,96.30848329,192.2724936,0.6168395,1.8410847,0.6184906
2905.jpg,9.105263158,82.30576441,184.9749373,0.7492392,1.7713974,0.5716771
2906.jpg,9.252358491,97.41981132,175.6132075,0.7398685,1.8775914,0.5747561
2907.jpg,10.5015873,95.94920635,176.6984127,0.700009,1.5854939,0.5882322
2908.jpg,10.68209877,91.57716049,182.1111111,0.68827254,1.6108172,0.59232146
2909.jpg,10.73924731,103.9489247,178.8306452,0.6861124,1.7066203,0.5930803
2910.jpg,10.736,103.6026667,179.424,0.6861124,1.7066203,0.5930803
2911.jpg,10.09722222,85.2337963,196.7847222,0.92381066,1.6021351,0.5198017
2912.jpg,10.05827506,84.54545455,194.3566434,0.9118658,1.3428608,0.5230493
2913.jpg,9.327319588,85.13402062,179.1649485,0.706517,1.681197,0.5859889
2914.jpg,8.738636364,78.00568182,186.8352273,0.7179772,1.8005155,0.5820799
2915.jpg,10.41191067,78.57816377,205.2034739,0.74207634,1.6368526,0.57402766
2916.jpg,10,121.1847134,171.066879,0.639953,1.7224336,0.6097736
2917.jpg,10.8011811,104.8484252,181.5177165,0.5956614,1.7425611,0.6266994
2918.jpg,10.96530612,106.0081633,182.9918367,0.5832868,1.8502266,0.6315975
2919.jpg,8.486803519,87.70381232,179.1759531,0.73468333,1.9188509,0.5764741
2920.jpg,9.13546798,94.95566502,177.8916256,0.78402764,1.8357537,0.5605294
2921.jpg,9.150990099,94.95049505,177.8341584,0.78402764,1.8357537,0.5605294
2922.jpg,13.31151832,106.7460733,204.5837696,0.78565603,1.7078397,0.5600183
2923.jpg,9.172169811,85.62735849,185.0943396,0.7089523,1.6225775,0.5851539
2924.jpg,10.31384615,98.91384615,182.9507692,0.7181483,1.7757093,0.58202195
2925.jpg,8.848664688,96.21958457,176.0326409,0.71716166,1.9505852,0.58235633
2926.jpg,11.00257732,78.59536082,194.5902062,0.7043204,1.7356963,0.5867441
2927.jpg,10.62569832,78.12290503,200.2597765,0.640782,1.8199289,0.6094655
2928.jpg,11.39637306,101.8056995,177.9430052,0.6962302,1.6725891,0.5895426
2929.jpg,9.197640118,91.31858407,183.920354,0.7691595,1.6910466,0.56524014
2930.jpg,9.399477807,85.10443864,183.4020888,0.73506725,1.6908151,0.5763465
2931.jpg,6.922839506,108.7253086,154.0339506,0.6984446,1.7963824,0.58877397
2932.jpg,9.23659306,103.7539432,161.4984227,0.75546956,1.7181647,0.56964815
2933.jpg,9.32748538,95.7251462,173.4385965,0.7269241,1.582644,0.5790642
2934.jpg,8.264492754,99.90217391,170.4601449,0.71793073,1.6612868,0.5820957
2935.jpg,9.582317073,100.097561,175.722561,0.7326143,1.7969719,0.5771625
2936.jpg,9.84592145,102.2145015,167.2296073,0.76422524,1.6552223,0.56682104
2937.jpg,9.471794872,95.65897436,178.3820513,0.79271907,1.7841054,0.55781186
2938.jpg,9.52685422,95.47826087,178.3503836,0.79271907,1.7841054,0.55781186
2939.jpg,10.20861678,85.50340136,210.0045351,0.724606,1.7714996,0.57984257
2940.jpg,7.596610169,92.36271186,169.3932203,0.7198345,1.6624931,0.5814513
2941.jpg,9.396103896,101.3798701,186.2077922,0.70874524,1.6046915,0.58522475
2942.jpg,9.751428571,94.55142857,186.9685714,0.76386434,1.6315733,0.566937
2943.jpg,9.491176471,95.05882353,186.2205882,0.71484745,1.6064938,0.5831422
2944.jpg,9.632829374,84.06479482,193.1857451,0.7822367,1.662804,0.5610927
2945.jpg,8.117962466,77.88203753,188.2520107,0.83663636,1.7639647,0.5444736
2946.jpg,7.600609756,89.71036585,168.5121951,0.7322391,1.8014024,0.57728755
2947.jpg,10.31004367,91.62445415,183.3995633,0.7139063,1.7204604,0.5834625
2948.jpg,10.83030303,100.9878788,181.8090909,0.7323844,1.7435429,0.5772391
2949.jpg,10.95085995,94.71253071,191.5872236,0.6318436,1.7487882,0.6128038
2950.jpg,10.99040767,98.15827338,183.7697842,0.6100962,1.8637952,0.62108094
2951.jpg,11.14099217,93.8537859,190.151436,0.6089288,1.693159,0.62153155
2952.jpg,8.447513812,91.67679558,171.7651934,0.74201155,1.7947652,0.574049
2953.jpg,11.07219251,92.31016043,188.868984,0.6604503,1.5661538,0.6022463
2954.jpg,9.671732523,155.6079027,111.8449848,0.7818183,8.283829,0.5612245
2955.jpg,9.716942149,85.18595041,192.3347107,0.7680426,1.7150471,0.5655972
2956.jpg,7.92384106,145.1192053,127.3708609,0.6923399,1.700115,0.5908978
2957.jpg,9.304878049,123.6432927,145.2042683,0.7160939,1.4807919,0.5827187
2958.jpg,8.841584158,126.5478548,146.4224422,0.71356875,1.5406291,0.5835774
2959.jpg,8.608695652,104.9818841,139.5144928,0.6437349,1.8174232,0.6083706
2960.jpg,8.43622449,131.4081633,135.3418367,0.74719906,1.6063077,0.5723446
2961.jpg,9.168091168,131.017094,120.4216524,0.7390383,1.7609452,0.57503045
2962.jpg,10.30867347,90.82142857,184.7857143,0.7655045,1.9655786,0.56641036
2963.jpg,9.356643357,80.22843823,191.3030303,0.7123925,1.7528449,0.58397824
2964.jpg,10.64498645,90.29268293,193.2411924,0.74833804,1.4759345,0.5719718
2965.jpg,6.544827586,96.43448276,133.7310345,0.73831064,1.6822442,0.5752712
2966.jpg,7.729299363,89.35031847,170.1305732,0.6903074,1.7595319,0.5916084
2967.jpg,7.604166667,87.55654762,176.4047619,0.6649229,1.7979622,0.6006284
2968.jpg,7.908536585,93.45426829,175.3506098,0.69699484,1.7366443,0.58927697
2969.jpg,9.945626478,84.01654846,199.2387707,0.7235359,1.7261565,0.5802026
2970.jpg,9.872340426,89.47754137,192.2293144,0.66829455,1.7107815,0.5994145
2971.jpg,9.512578616,92.48742138,189.8427673,0.5976302,1.9192541,0.6259271
2972.jpg,10.28238342,68.71502591,212.6917098,0.6647442,1.6332245,0.60069287
2973.jpg,10.31510417,68.45833333,213.2083333,0.6647442,1.6332245,0.60069287
2975.jpg,7.979044426,76.61106454,195.4224644,3.9265177,2.771686,0.20298313
2976.jpg,7.449324324,69.17905405,193.8209459,0.7894695,1.6677951,0.55882484
2977.jpg,7.41,69.40666667,193.6666667,0.7894695,1.6677951,0.55882484
2980.jpg,8.691099476,73.88743455,188.6282723,0.77151996,1.8710047,0.56448704
2981.jpg,8.706806283,73.70418848,188.8534031,0.77151996,1.8710047,0.56448704
2982.jpg,7.909859155,91.64788732,168.6704225,0.71653485,1.9029545,0.582569
2990.jpg,9.951162791,73.63255814,197.472093,0.7253612,1.8246212,0.5795888
2992.jpg,8.816326531,76.87755102,191.1982507,0.7253723,1.8891004,0.5795851
2995.jpg,8.652173913,95.83399209,164.5968379,0.60138965,1.8841656,0.6244576
2998.jpg,9.567901235,101.5648148,173.4228395,0.71296,1.8608238,0.58378476
3000.jpg,9.365625,104.79375,173.35625,0.7056239,1.9023834,0.5862957
3001.jpg,7.241877256,89.84837545,171.5920578,0.73441476,1.740383,0.57656336
3004.jpg,9.322834646,76.02887139,189.8608924,0.70669466,1.7466582,0.5859279
3010.jpg,10.51558753,80.99280576,201.5971223,0.7199728,1.5836211,0.58140457
3012.jpg,7.501449275,91.62028986,170.2985507,0.6922357,1.7116835,0.5909342
3013.jpg,7.484149856,91.36023055,170.740634,0.6922357,1.7116835,0.5909342
3015.jpg,8.481586402,91.63739377,160.2407932,0.70294225,1.7507857,0.587219
3021.jpg,9.963157895,93.41578947,189.6447368,0.67338437,1.871508,0.5975913
3022.jpg,6.356707317,64.19207317,195.8109756,0.67285216,1.690861,0.5977815
3028.jpg,9.319875776,105.5372671,169.9223602,0.6887595,1.7667696,0.5921506
3031.jpg,10.03430079,85.17150396,194.5567282,0.6976229,1.6366465,0.589059
3037.jpg,10.78973105,101.9070905,178.2176039,0.8329495,1.8669848,0.5455688
3041.jpg,8.985955056,78.13764045,191.3623596,0.6852378,1.7428187,0.5933881
3044.jpg,8.918256131,74.34059946,193.3923706,0.7213143,1.8168769,0.58095145
3048.jpg,8.533898305,73.26836158,195.6186441,0.7425922,1.9239224,0.5738577
3050.jpg,9.76340694,99.30599369,188.1892744,0.68077606,1.7864021,0.59496325
3059.jpg,8.037128713,86.87376238,173.6064356,0.7128508,1.6934354,0.583822
3062.jpg,7.811111111,88.03333333,170.2194444,0.74499345,1.6569036,0.5730681
3068.jpg,9.487046632,90.4119171,171.880829,0.7233152,1.7875363,0.5802769
3074.jpg,9.524675325,85.61298701,189.2207792,0.7416156,2.041971,0.57417953
3077.jpg,9.252777778,108.1166667,176.8444444,0.6328864,1.7022759,0.6124125
3080.jpg,10.73378076,103.639821,180.5480984,0.6835827,1.8456525,0.59397143
3081.jpg,9.290055249,88.72928177,189.5110497,0.67324775,1.7134728,0.5976401
3084.jpg,10.11375661,92.23809524,182.2354497,0.69634265,1.7546781,0.5895035
3089.jpg,8.347560976,76.05487805,191.8932927,0.7805751,2.0567384,0.5616163
3090.jpg,9.849489796,103.5153061,166.119898,0.75534767,1.7211006,0.5696877
3106.jpg,11.63218391,106.4137931,172.6045977,0.66657794,1.7576694,0.600032
3109.jpg,10.08146067,85.0505618,191.8146067,0.72725636,1.9265821,0.57895285
3110.jpg,9.963087248,98.15100671,174.8590604,0.7136414,1.9372969,0.58355266
3113.jpg,10.38005391,88.39083558,185.9541779,0.75397694,1.8549067,0.570133
3119.jpg,9.125603865,87.28502415,174.9951691,0.7357575,1.9146575,0.57611734
3121.jpg,8.762541806,83.58528428,183.4983278,0.7313581,1.8893124,0.5775813
3122.jpg,8.772575251,83.86956522,182.6020067,0.7313581,1.8893124,0.5775813
3126.jpg,8.964539007,93.71985816,175.1950355,0.7383718,1.8548325,0.5752509
3127.jpg,8.695431472,102.1614213,171.7553299,2.139998,1.7588353,0.31847155
3130.jpg,9.313664596,98.96583851,173.9378882,0.7090595,1.9805645,0.5851171
3134.jpg,6.755980861,96.54545455,158.9808612,0.735552,1.585252,0.5761855
3137.jpg,6.164345404,97.7270195,153.2367688,0.6585205,1.7236507,0.60294706
3140.jpg,9.602209945,101.2707182,169.5801105,0.74189895,1.804192,0.5740861
3143.jpg,9.737804878,90.70121951,190.222561,0.71938133,1.789152,0.58160454
3146.jpg,10.09912536,96.86880466,179.6443149,0.71031237,1.7383115,0.58468854
3151.jpg,9.788856305,99.41935484,184.9824047,0.6660783,1.7240027,0.60021186
3153.jpg,10.5907781,93.79538905,187.2680115,0.7117063,1.7782037,0.58421236
3154.jpg,10.59130435,94.12753623,186.8550725,0.7117063,1.7782037,0.58421236
3157.jpg,10.56140351,90.8625731,188.6345029,0.72549605,1.7426252,0.5795435
3165.jpg,8.902173913,109.2418478,167.9891304,0.77217764,1.7770234,0.5642775
3168.jpg,8.705167173,92.71732523,178.4772036,0.74261755,1.7880836,0.5738494
3171.jpg,9.701711491,99.16381418,184.3105134,0.6771138,1.581472,0.5962625
3174.jpg,8.481958763,93.97164948,175.2448454,0.73021966,1.9165223,0.57796127
3180.jpg,8.596658711,120.1050119,156.9069212,0.6866763,1.6489706,0.592882
3182.jpg,10.05513784,86.17293233,197.9598997,0.65948766,1.8000232,0.6025956
3183.jpg,9.593167702,97.22670807,184.8757764,0.7126716,1.8638084,0.5838831
3187.jpg,10.16758242,76.17307692,195.1593407,0.72593427,1.86181,0.5793963
3190.jpg,9.919512195,85.03414634,199.6487805,0.77046263,1.8664776,0.5648241
3191.jpg,10.0042735,94.54700855,185.6559829,0.63359517,1.6200267,0.6121468
3192.jpg,9.660167131,90.95543175,185.3955432,0.6960946,1.7722766,0.5895898
3198.jpg,10.44964871,78.06323185,207.557377,0.725059,1.6716881,0.57969034
3203.jpg,10.47330097,74.1868932,211.9199029,0.6881309,1.7565578,0.5923711
3211.jpg,10.29816514,86.54816514,199.4518349,0.7174339,1.5427774,0.58226407
3215.jpg,10.22843823,84.33799534,199.2377622,0.7070683,1.6850013,0.58579963
3218.jpg,9.20498615,122.265928,146.6260388,0.8180893,1.8051491,0.55002797
3223.jpg,14.04627249,100.6606684,216.3701799,0.8640093,1.7053835,0.536478
3224.jpg,10.52908587,94.50138504,188.465374,0.6548133,1.7444922,0.60429776
3225.jpg,10.56232687,94.80886427,187.8698061,0.6548133,1.7444922,0.60429776
3232.jpg,8.875311721,93.89027431,174.9775561,0.76513755,1.8819573,0.5665281
3241.jpg,8.25,89.70608108,174.0912162,0.7082112,1.6704682,0.5854077
3242.jpg,10.49066667,76.952,202.36,0.6804519,1.7523288,0.595078
3246.jpg,9.336206897,130.545977,126.637931,0.6917392,1.8066529,0.5911076
3249.jpg,8.396226415,94.78706199,154.819407,0.68568504,1.7193599,0.5932306
3250.jpg,8.38172043,94.68010753,155.0241935,0.68568504,1.7193599,0.5932306
3254.jpg,9.125,106.5659722,155.3576389,0.82467586,1.7292142,0.54804254
3260.jpg,11.198,109.506,186.788,0.736827,1.6092871,0.57576257
3261.jpg,11.18074656,108.1355599,188.891945,0.736827,1.6092871,0.57576257
3268.jpg,8.892950392,104.229765,172.4281984,0.6726927,1.6975886,0.59783846
3272.jpg,9.265306122,104.7521866,138.3965015,0.83481956,1.7302207,0.5450127
3274.jpg,8.737209302,98.45116279,175.1209302,0.73916703,1.8968667,0.57498795
3277.jpg,9.196721311,103.5846995,152.8196721,0.71509516,1.6067257,0.58305806
3278.jpg,9.190735695,103.5694823,152.8555858,0.71509516,1.6067257,0.58305806
3282.jpg,9.230769231,86.73076923,178.1274038,0.74568874,1.7348803,0.5728398
3287.jpg,9.026315789,93.24736842,171.7631579,0.7438409,1.755013,0.5734468
3307.jpg,8.839285714,82.14030612,182.6913265,0.7369782,1.824726,0.57571244
3310.jpg,8.859042553,121.5106383,135.6196809,0.67253655,1.6842686,0.59789425
3318.jpg,6.95,68.00294118,192.3470588,0.72506475,1.6831343,0.57968843
3326.jpg,7.83933518,118.9418283,114.6426593,0.8300979,1.7673041,0.54641885
3332.jpg,8.855704698,113.3557047,157.3322148,0.6266409,1.820591,0.6147638
3340.jpg,8.315217391,85.45108696,177.4701087,0.7643995,1.8139989,0.56676507
3344.jpg,8.874251497,95.63473054,174.2844311,0.7347635,1.7738389,0.5764474
3347.jpg,10.54025974,82.48311688,192.6519481,0.73041105,1.7386324,0.57789737
3348.jpg,10.54896907,82.47680412,192.6365979,0.73041105,1.7386324,0.57789737
3352.jpg,9.95389049,88.32276657,188.2103746,0.66824245,1.6466047,0.59943324
3354.jpg,9.839662447,89.47046414,181.721519,0.79661083,1.6998022,0.5566036
3359.jpg,10.41479821,85.75112108,188.7735426,0.7362478,1.5897968,0.5759547
3362.jpg,10.42377261,79.0620155,202.2971576,0.64030707,1.7721591,0.60964197
3371.jpg,10.54716981,91.68733154,174.2668464,0.70102304,1.9428246,0.58788157
3372.jpg,10.48767123,113.9342466,176.9945205,0.69885755,1.650941,0.58863086
3375.jpg,9.417366947,93.20448179,174.1456583,0.7343357,1.7810265,0.57658964
3376.jpg,5.787096774,78.38387097,168.7193548,0.6984995,1.5382749,0.58875495
3381.jpg,13.16502463,104.364532,205.320197,0.7163145,1.589159,0.5826438
3384.jpg,13.16704289,105.9006772,201.986456,0.72063005,1.6592622,0.5811825
3388.jpg,9.976315789,101.3078947,173.5815789,0.757045,1.7496057,0.5691374
3389.jpg,11.81638418,104.4124294,181.319209,0.6750276,1.6821276,0.59700507
428.jpg,7.386018237,93.50151976,168.4954407,0.63327795,1.7742559,0.61226565
432.jpg,9.002724796,87.43324251,177.8692098,0.74762374,1.6561116,0.57220554
437.jpg,9.493464052,112.0098039,162.2875817,0.81502616,1.7398903,0.55095625
441.jpg,9.272727273,92.58126722,176.4022039,0.7196988,1.8667388,0.5814972
443.jpg,9.421348315,100.6348315,170.1460674,0.73307747,1.746817,0.57700825
446.jpg,9.554179567,102.1609907,166.9845201,0.7612778,1.8756734,0.5677696
449.jpg,9.714285714,99.11854103,175.1458967,0.6888742,1.8435131,0.5921104
453.jpg,9.709580838,98.46407186,168.7634731,0.74679124,1.8382709,0.57247823
461.jpg,9.50887574,98.64497041,173.4763314,0.7239286,1.8951416,0.58007044
463.jpg,8.013368984,87.69251337,171.6470588,0.68238324,1.6365607,0.5943949
476.jpg,9.187134503,77.00292398,191.997076,0.79012436,1.8536074,0.5586204
479.jpg,8.783536585,84.0945122,182.695122,0.70466435,1.9285171,0.58662575
483.jpg,8.762318841,77.62608696,191.6521739,0.7429209,1.8837767,0.5737495
484.jpg,9.043343653,93.98142415,183.2167183,0.83589214,1.7949144,0.5446943
485.jpg,10.69602273,95.57670455,182.4460227,0.7638021,1.7476408,0.56695706
490.jpg,9.482352941,78.92647059,201.5411765,0.6715282,1.7026742,0.5982549
5.jpg,11.03865979,110.5386598,165.5824742,0.69449663,1.7698727,0.59014577
502.jpg,10.20054201,80.39295393,201.6775068,0.67369235,1.6401588,0.5974814
505.jpg,11.64738292,76.66115702,200.6556474,0.74889636,1.7610662,0.57178915
509.jpg,11.86956522,77.29347826,202.861413,0.7493744,1.8325795,0.5716329
514.jpg,9.909638554,100.6506024,168.9066265,0.73092234,1.82216,0.5777267
517.jpg,9.849438202,103.2404494,157.5820225,0.72663856,1.768896,0.57916003
520.jpg,9.442708333,94.67708333,174.7265625,0.78565955,1.8140866,0.56001717
525.jpg,9.338174274,84.44813278,186.4170124,0.7168844,1.7297479,0.5824504
531.jpg,9.807829181,114.4626335,120.7508897,0.6886163,1.7026213,0.5922009
539.jpg,9.158590308,92.02643172,157.1321586,0.6891937,1.7178032,0.5919984
544.jpg,8.867117117,91.80630631,160.4684685,0.73641396,1.7429608,0.57589954
545.jpg,9.345679012,80.8,191.5604938,0.71632683,1.8531104,0.5826396
549.jpg,8.639344262,136.157377,137.8360656,0.6697272,1.845237,0.5989002
552.jpg,9.623229462,110.6232295,173.7932011,0.7005159,1.8629074,0.5880568
555.jpg,10.12206573,82.19483568,201.8051643,0.6975782,1.6103013,0.5890745
558.jpg,9.529411765,88.71078431,188.5147059,0.6824192,1.7276975,0.5943822
561.jpg,9.591885442,92.69689737,185.9689737,0.72697556,1.7453154,0.579047
564.jpg,10.63428571,93.39428571,190.2371429,0.6825557,1.749457,0.59433395
573.jpg,10.85013624,96.95912807,181.0517711,0.70447093,1.6084787,0.5866923
576.jpg,10.39608802,99.29828851,180.2273839,0.70525956,1.7783976,0.58642095
578.jpg,9.418960245,86.32110092,190.3119266,0.7120725,1.8410449,0.58408743
584.jpg,10.34805195,94.31168831,170.0727273,0.6546165,1.6857065,0.60436964
587.jpg,10.1510989,92.5,171.1483516,0.65516746,1.6420963,0.6041685
591.jpg,10.24611399,94.8134715,167.0388601,0.66798395,1.641759,0.5995261
594.jpg,10.55585831,87.36239782,190.5504087,0.7087804,1.8813206,0.5852127
597.jpg,9.92575406,89.41763341,176.3039443,0.7486,1.6635082,0.57188606
599.jpg,10.52195122,80.47560976,203.6512195,0.80587834,1.71254,0.5537471
605.jpg,10.49868074,90.86015831,188.2902375,0.78058195,1.6532825,0.56161416
611.jpg,8.358139535,100.3139535,187.5674419,0.7057911,1.766155,0.5862382
618.jpg,8.790368272,115.4192635,142.5269122,0.6745297,1.6780028,0.59718263
627.jpg,10.42283951,115.6265432,180.8148148,0.68811953,1.6660719,0.5923751
630.jpg,10.81861575,105.8997613,171.5536993,0.7120165,1.7986152,0.5841065
634.jpg,10.79076923,117.5415385,177.8184615,0.6893576,1.6610237,0.591941
637.jpg,9.522891566,93.88433735,180.2626506,0.7060507,1.8041309,0.5861491
640.jpg,9.430167598,96.17597765,179.5921788,0.6886393,1.9548291,0.59219277
643.jpg,9.257217848,99.35695538,173.7112861,0.73256755,1.7727455,0.5771781
654.jpg,9.16802168,97.00271003,172.5311653,0.7519508,1.8990179,0.57079226
657.jpg,9.192708333,93.12239583,178.9088542,0.70578325,1.6915665,0.58624095
660.jpg,8.419191919,134.5631313,131.6944444,0.7189942,1.6628826,0.58173555
665.jpg,8.314583333,101.525,195.96875,0.7699657,1.0846132,0.5649827
673.jpg,10.86645963,68.30434783,206.9968944,0.75607735,1.6919016,0.569451
681.jpg,9.921671018,77.02872063,189.9399478,0.75844866,1.6330116,0.5686831
687.jpg,10.56976744,75.78604651,193.9186047,0.7364117,1.7174135,0.57590026
693.jpg,10.63043478,87.08695652,198.5516304,0.7206813,1.6607358,0.58116513
697.jpg,10.92328767,116.1013699,174.4767123,0.7383017,1.6839145,0.5752741
698.jpg,11.28162291,88.50357995,190.0859189,0.7108593,1.774239,0.5845016
711.jpg,11.27941176,71.82352941,193.7598039,0.73039234,1.7527372,0.5779036
716.jpg,10.81838565,78.75560538,202.9125561,0.7665245,1.5082562,0.56608325
722.jpg,10.28535354,76.32070707,203.5454545,0.71202105,1.6532592,0.58410496
725.jpg,10.04242424,98.85454545,183.5878788,0.71409196,1.721276,0.5833993
728.jpg,7.18,73.55142857,183.4571429,0.667291,1.6653844,0.5997754
733.jpg,8.733118971,114.0514469,151.1993569,0.68536943,1.6656573,0.5933417
751.jpg,8.1966759,81.77285319,196.401662,0.75602084,1.5000664,0.56946933
755.jpg,8.788135593,111.2457627,140.4943503,0.702969,1.8029265,0.5872097
759.jpg,9.8575,95.785,178.5075,0.72985244,1.8313154,0.578084
763.jpg,9.180055402,122.0443213,151.8504155,0.70089483,1.2808412,0.58792585
764.jpg,9.076388889,107.0798611,158.6597222,0.7130619,1.5878985,0.58375007
765.jpg,10.22674419,95.94186047,179.744186,0.71028584,1.5111216,0.5846976
768.jpg,8.448113208,87.90330189,165.7240566,0.7012238,1.8289865,0.5878121
771.jpg,13.49079755,129.0337423,199.2668712,0.6913525,1.6295131,0.5912428
774.jpg,10.60511364,89.81818182,187.9744318,0.7380536,1.9002949,0.57535625
778.jpg,8.561403509,106.625731,169.6461988,0.7366907,1.7090812,0.5758078
779.jpg,9.793650794,122.8730159,134.3301587,0.7150714,1.8596354,0.5830661
784.jpg,8.638461538,95.44615385,167.5512821,0.72603106,1.7537196,0.5793639
789.jpg,8.8767507,87.63865546,182.8291317,0.8202819,1.6269364,0.54936546
792.jpg,10.23498695,81.4229765,201.2428198,0.71586156,1.9117676,0.5827976
798.jpg,9.579545455,88.63920455,188.7698864,0.7518087,1.769522,0.5708386
801.jpg,9.877777778,92.07777778,173.7916667,0.71139306,1.765269,0.5843193
805.jpg,10.75873016,93.75238095,185.1492063,0.69070965,1.6870996,0.5914676
807.jpg,8.424855491,107.7485549,162.8034682,0.68835634,1.6522753,0.592292
810.jpg,10.72829132,87.95238095,184.3921569,0.7116989,1.6635978,0.5842149
819.jpg,10.12162162,84.81981982,189.7184685,0.7204371,1.8864692,0.5812476
830.jpg,10.16923077,101.8430769,187.0553846,0.72002846,1.6928298,0.58138573
833.jpg,9.326683292,70.94264339,205.5137157,0.717717,1.7446861,0.58216804
836.jpg,10.0988024,101.7874251,170.0568862,0.7222036,1.6297275,0.5806514
840.jpg,10.12716763,97.16473988,176.6878613,0.6610193,1.8282801,0.60203993
855.jpg,9.873493976,99.62951807,182.75,0.6659878,1.744908,0.60024446
858.jpg,9.553846154,99.85538462,181.6215385,0.6587249,1.695855,0.6028727
861.jpg,13.51906158,88.59824047,223.8240469,0.70551157,1.4460232,0.58633435
864.jpg,8.964088398,71.78176796,189.218232,0.5917124,1.5922258,0.6282542
866.jpg,9.174846626,109.6871166,150.5214724,0.6541594,1.6621795,0.6045366
887.jpg,6.580213904,72.69251337,177.8101604,0.7622719,1.6723098,0.56744933
889.jpg,9.776566757,86.09809264,189.1444142,0.68124825,1.5567262,0.5947961
892.jpg,8.771428571,142.5346939,123.7632653,0.843105,1.7617259,0.54256266
896.jpg,8.807073955,123.5980707,145.9807074,0.8056763,1.3205923,0.55380917
900.jpg,8.144893112,78.86935867,184.0688836,0.7234855,1.8491145,0.58021957
909.jpg,11.42045455,107.1590909,172.6022727,0.7343464,1.6291727,0.5765861
910.jpg,7.3598234,84.00441501,178.3090508,0.80445206,1.7255629,0.55418485
915.jpg,11.5426009,108.5156951,171.0605381,0.69506776,1.7256956,0.5899469
918.jpg,9.054393305,93.96861925,163.4979079,0.786423,1.8325117,0.5597778
919.jpg,7.568888889,85.51333333,186.6577778,0.69738615,1.9090141,0.58914113
923.jpg,9.65,98.42941176,186.4382353,0.7113825,1.6463956,0.5843229
930.jpg,9.685950413,98.20110193,185.4683196,0.67192316,1.7027043,0.5981136
936.jpg,11.52424242,117.1787879,203.0060606,0.6768645,1.8227525,0.5963511
940.jpg,8.90617284,99.03703704,171.9333333,0.7015299,1.8212625,0.5877064
943.jpg,10.21026895,91.41320293,169.7677262,0.6970032,1.6391094,0.5892741
944.jpg,10.21411192,91.37469586,169.8199513,0.6970032,1.6391094,0.5892741
949.jpg,11.07107843,87.34558824,189.2401961,0.7050554,1.5349866,0.58649117
955.jpg,11.24570025,104.5429975,178.1941032,0.67541236,1.6499288,0.596868
958.jpg,10.84437086,94.3807947,188.0794702,0.73632926,1.7137624,0.5759276
959.jpg,10.98907104,77.78142077,200.4617486,0.7188768,1.6165892,0.58177525
964.jpg,10.6509009,92.72072072,186.1351351,0.75590426,1.5935972,0.5695071
968.jpg,9.206703911,109.0614525,146.7625698,0.7116899,1.7791115,0.58421797
969.jpg,7.448717949,90.21794872,174.5096154,0.6635829,1.7400258,0.6011122
974.jpg,8.641935484,129.3451613,137.6516129,0.8217902,0.86709857,0.5489106
977.jpg,9.297297297,113.7567568,146.5975976,0.6594707,1.478947,0.6026018
978.jpg,9.293413174,114.011976,146.3502994,0.6594707,1.478947,0.6026018
986.jpg,6.975069252,64.27977839,191.3850416,0.7182858,1.6197598,0.5819754
991.jpg,9.010238908,125.4948805,139.7474403,0.7727952,1.4664481,0.56408095
